{"0": [-86.08695652173913, 95.65217391304348], "1": [-76.52173913043478, 95.65217391304348], "2": [-66.95652173913044, 95.65217391304348], "3": [-57.39130434782609, 95.65217391304348], "4": [-47.82608695652174, 95.65217391304348], "5": [-38.26086956521739, 95.65217391304348], "6": [-28.695652173913047, 95.65217391304348], "7": [-19.130434782608702, 95.65217391304348], "8": [-9.565217391304358, 95.65217391304348], "9": [0.0, 95.65217391304348], "10": [-105.21739130434783, 86.08695652173913], "11": [-95.65217391304348, 86.08695652173913], "12": [-86.08695652173913, 86.08695652173913], "13": [-76.52173913043478, 86.08695652173913], "14": [-66.95652173913044, 86.08695652173913], "15": [-57.39130434782609, 86.08695652173913], "16": [-47.82608695652174, 86.08695652173913], "17": [-38.26086956521739, 86.08695652173913], "18": [-28.695652173913047, 86.08695652173913], "19": [-19.130434782608702, 86.08695652173913], "20": [-9.565217391304358, 86.08695652173913], "21": [0.0, 86.08695652173913], "22": [9.565217391304344, 86.08695652173913], "23": [19.13043478260869, 86.08695652173913], "24": [28.69565217391306, 86.08695652173913], "25": [38.260869565217405, 86.08695652173913], "26": [47.82608695652175, 86.08695652173913], "27": [57.39130434782609, 86.08695652173913], "28": [66.95652173913044, 86.08695652173913], "29": [-105.21739130434783, 76.52173913043478], "30": [-95.65217391304348, 76.52173913043478], "31": [-86.08695652173913, 76.52173913043478], "32": [-76.52173913043478, 76.52173913043478], "33": [-66.95652173913044, 76.52173913043478], "34": [-57.39130434782609, 76.52173913043478], "35": [-47.82608695652174, 76.52173913043478], "36": [-38.26086956521739, 76.52173913043478], "37": [-28.695652173913047, 76.52173913043478], "38": [-19.130434782608702, 76.52173913043478], "39": [-9.565217391304358, 76.52173913043478], "40": [0.0, 76.52173913043478], "41": [9.565217391304344, 76.52173913043478], "42": [19.13043478260869, 76.52173913043478], "43": [28.69565217391306, 76.52173913043478], "44": [38.260869565217405, 76.52173913043478], "45": [47.82608695652175, 76.52173913043478], "46": [57.39130434782609, 76.52173913043478], "47": [66.95652173913044, 76.52173913043478], "48": [-105.21739130434783, 66.95652173913044], "49": [-95.65217391304348, 66.95652173913044], "50": [-86.08695652173913, 66.95652173913044], "51": [-76.52173913043478, 66.95652173913044], "52": [-66.95652173913044, 66.95652173913044], "53": [-57.39130434782609, 66.95652173913044], "54": [-47.82608695652174, 66.95652173913044], "55": [-38.26086956521739, 66.95652173913044], "56": [-28.695652173913047, 66.95652173913044], "57": [-19.130434782608702, 66.95652173913044], "58": [-9.565217391304358, 66.95652173913044], "59": [0.0, 66.95652173913044], "60": [9.565217391304344, 66.95652173913044], "61": [19.13043478260869, 66.95652173913044], "62": [28.69565217391306, 66.95652173913044], "63": [38.260869565217405, 66.95652173913044], "64": [47.82608695652175, 66.95652173913044], "65": [57.39130434782609, 66.95652173913044], "66": [66.95652173913044, 66.95652173913044], "67": [76.52173913043478, 66.95652173913044], "68": [-105.21739130434783, 57.39130434782609], "69": [-95.65217391304348, 57.39130434782609], "70": [-86.08695652173913, 57.39130434782609], "71": [-76.52173913043478, 57.39130434782609], "72": [-66.95652173913044, 57.39130434782609], "73": [-57.39130434782609, 57.39130434782609], "74": [-47.82608695652174, 57.39130434782609], "75": [-38.26086956521739, 57.39130434782609], "76": [-28.695652173913047, 57.39130434782609], "77": [-19.130434782608702, 57.39130434782609], "78": [-9.565217391304358, 57.39130434782609], "79": [0.0, 57.39130434782609], "80": [9.565217391304344, 57.39130434782609], "81": [19.13043478260869, 57.39130434782609], "82": [28.69565217391306, 57.39130434782609], "83": [38.260869565217405, 57.39130434782609], "84": [47.82608695652175, 57.39130434782609], "85": [57.39130434782609, 57.39130434782609], "86": [66.95652173913044, 57.39130434782609], "87": [76.52173913043478, 57.39130434782609], "88": [-95.65217391304348, 47.82608695652174], "89": [-86.08695652173913, 47.82608695652174], "90": [-76.52173913043478, 47.82608695652174], "91": [-66.95652173913044, 47.82608695652174], "92": [-57.39130434782609, 47.82608695652174], "93": [-47.82608695652174, 47.82608695652174], "94": [-38.26086956521739, 47.82608695652174], "95": [-28.695652173913047, 47.82608695652174], "96": [-19.130434782608702, 47.82608695652174], "97": [-9.565217391304358, 47.82608695652174], "98": [0.0, 47.82608695652174], "99": [9.565217391304344, 47.82608695652174], "100": [19.13043478260869, 47.82608695652174], "101": [28.69565217391306, 47.82608695652174], "102": [38.260869565217405, 47.82608695652174], "103": [47.82608695652175, 47.82608695652174], "104": [57.39130434782609, 47.82608695652174], "105": [66.95652173913044, 47.82608695652174], "106": [76.52173913043478, 47.82608695652174], "107": [-95.65217391304348, 38.26086956521739], "108": [-86.08695652173913, 38.26086956521739], "109": [-76.52173913043478, 38.26086956521739], "110": [-66.95652173913044, 38.26086956521739], "111": [-57.39130434782609, 38.26086956521739], "112": [-47.82608695652174, 38.26086956521739], "113": [-38.26086956521739, 38.26086956521739], "114": [-28.695652173913047, 38.26086956521739], "115": [-19.130434782608702, 38.26086956521739], "116": [-9.565217391304358, 38.26086956521739], "117": [0.0, 38.26086956521739], "118": [9.565217391304344, 38.26086956521739], "119": [19.13043478260869, 38.26086956521739], "120": [28.69565217391306, 38.26086956521739], "121": [38.260869565217405, 38.26086956521739], "122": [47.82608695652175, 38.26086956521739], "123": [57.39130434782609, 38.26086956521739], "124": [66.95652173913044, 38.26086956521739], "125": [76.52173913043478, 38.26086956521739], "126": [86.08695652173913, 38.26086956521739], "127": [-86.08695652173913, 28.695652173913047], "128": [-76.52173913043478, 28.695652173913047], "129": [-66.95652173913044, 28.695652173913047], "130": [-57.39130434782609, 28.695652173913047], "131": [-47.82608695652174, 28.695652173913047], "132": [-38.26086956521739, 28.695652173913047], "133": [-28.695652173913047, 28.695652173913047], "134": [-19.130434782608702, 28.695652173913047], "135": [-9.565217391304358, 28.695652173913047], "136": [0.0, 28.695652173913047], "137": [9.565217391304344, 28.695652173913047], "138": [19.13043478260869, 28.695652173913047], "139": [28.69565217391306, 28.695652173913047], "140": [38.260869565217405, 28.695652173913047], "141": [47.82608695652175, 28.695652173913047], "142": [57.39130434782609, 28.695652173913047], "143": [66.95652173913044, 28.695652173913047], "144": [76.52173913043478, 28.695652173913047], "145": [86.08695652173913, 28.695652173913047], "146": [-76.52173913043478, 19.130434782608702], "147": [-66.95652173913044, 19.130434782608702], "148": [-57.39130434782609, 19.130434782608702], "149": [-47.82608695652174, 19.130434782608702], "150": [-38.26086956521739, 19.130434782608702], "151": [-28.695652173913047, 19.130434782608702], "152": [-19.130434782608702, 19.130434782608702], "153": [-9.565217391304358, 19.130434782608702], "154": [0.0, 19.130434782608702], "155": [9.565217391304344, 19.130434782608702], "156": [19.13043478260869, 19.130434782608702], "157": [28.69565217391306, 19.130434782608702], "158": [38.260869565217405, 19.130434782608702], "159": [47.82608695652175, 19.130434782608702], "160": [57.39130434782609, 19.130434782608702], "161": [66.95652173913044, 19.130434782608702], "162": [76.52173913043478, 19.130434782608702], "163": [86.08695652173913, 19.130434782608702], "164": [-76.52173913043478, 9.565217391304358], "165": [-66.95652173913044, 9.565217391304358], "166": [-57.39130434782609, 9.565217391304358], "167": [-47.82608695652174, 9.565217391304358], "168": [-38.26086956521739, 9.565217391304358], "169": [-28.695652173913047, 9.565217391304358], "170": [-19.130434782608702, 9.565217391304358],